month,bulbs,tube_lights,fans,fridges,ac_units,washing_machines,tvs,water_heaters,avg_temp_c,units,bill_amount
2025-04,6,2,4,1,1,1,1,1,32,210,1450
2025-05,6,2,4,1,1,1,1,1,34,240,1680
2025-06,6,2,4,1,1,1,1,1,29,180,1220
2025-07,6,2,4,1,0,1,1,1,27,140,880
2025-08,6,2,4,1,0,1,1,1,27,135,840
2025-09,6,2,4,1,0,1,1,1,28,145,910
2025-10,6,2,4,1,0,1,1,0,26,130,800
2025-11,6,2,4,1,0,1,1,0,24,120,720
2025-12,6,2,4,1,0,1,1,1,22,150,940
2026-01,6,2,4,1,0,1,1,1,21,155,970
2026-02,6,2,4,1,0,1,1,1,24,150,940
2026-03,6,2,4,1,1,1,1,1,29,190,1300
